text,type,label,source_url
"Well, I was wondering if you were open to talking about a business opportunity.
I’m still new to it so I can’t really say much… would you be willing to sit down with a friend and I to learn more?
She works with a company called World Wide and I will be too starting in February. I just know you want to work from home so I thought I’d approach you about it.
The specifics of what we do are earned information through a six-step process. The first step is sitting down with me and my mentor (or business partner) to see what kind of a mindset you have before my mentor decides to disclose any business information.",dm,1,https://www.reddit.com/r/antiMLM/comments/af548l/a_friend_came_to_me_with_a_business_opportunity/
"Hey, hope you are doing well. Can I run something by you? Based on your background you might be able to help me with something. Last year we launched a business startup so we can eventually become self-employed and not work for someone for the rest of our lives. Recently launched a new project and are looking for some additional help. I figured I’d reach out because based on what you do for work I believe you could help.",dm,1,https://www.reddit.com/r/antiMLM/comments/11j46y4/remembered_this_gem_from_2020_secondary_income/
"What we do exactly as distributors is… It Works Global is a health, wellness, and beauty company. We have over 50 plant-based products. We get paid to use the products, share them as an influencer, and have others make commission off items sold from our personal website. Once you sign up, you build your business. Does this sound like something you would like more details on?",dm,1,https://www.reddit.com/r/antiMLM/comments/hs2wrp/i_responded_to_a_fb_post_from_a_friend_of_mine/
"I’m not tricking you but I’m giving you a treat. I will give you an opportunity and guide you to this amazing journey to reach whatever you want to be. We are a cosmetics company with a mission: to uplift, empower, and validate women across the globe with financial reward. Build each other up, earn while creating an impact! Are you in?",dm,1,https://www.reddit.com/r/antiMLM/comments/dpqbkt/get_ready_for_financial_freedom/
"If bartending falls through, let me know. I have a skincare business and I’m always looking for people to join me. Even though it is a virtual business, you can make it as face to face as you want.",dm,1,https://www.reddit.com/r/antiMLM/comments/tnn1yp/trying_to_find_a_2nd_job_ive_been_super_depressed/
"Hey hun! If you still wanted information on the travel business, there is a call tonight at 7. Let me know if I need to send you the link.",dm,1,https://www.reddit.com/r/antiMLM/comments/pxgnzt/i_commented_on_a_nextdoor_work_from_home_post/
Hey girly! Long time no talk! I recently joined an exciting business opportunity where you get to be your own boss!,dm,1,https://www.reddit.com/r/antiMLM/comments/1tinps7/am_i_unprofessional/
Would you be interested in a side hustle with us to complement your Mary Kay business?,dm,1,https://www.reddit.com/r/antiMLM/comments/1ult5we/insane_text_messages_from_restaurant_regular/
"Anyone looking to make extra income from home off your cell phone or computer? No inventory, no products, no contract, no minimums. Looking for highly motivated and coachable people that want to work from home. Can be done full or part time since you are your own boss. Training starts soon so let’s chat today! Hotels pay us! Rental car companies pay us! Cruise lines pay us! Resorts pay us! Theme parks pay us! Concerts pay us! Major sporting events pay us!",post,1,https://www.reddit.com/r/antiMLM/comments/141dt8v/which_one_is_this/
It’s Sunday night so I’m sure most of you are dreading going to work tomorrow. What if I told you there was a way that you could gain financial freedom and a new way of life right from your phone? Maybe you just want to make an extra $200 a month? Stop waiting around for a “perfect” opportunity to jump in your lap. Instead start creating it. Right now it’s only $20 to join my team. Message me or comment your favorite emoji below for more details!,post,1,https://www.reddit.com/r/antiMLM/comments/912nu2/this_girl_i_went_to_high_school_with_just/
"If you’re tired of the 9-to-5 schedule and want to take control of your own schedule and essentially become your own boss, DM me. I work for a financial firm that is a very fun and easy, lucrative business. You can do this part time or full time. I fell in love with our mission and my super-supportive team. It’s also remote.",post,1,https://www.reddit.com/r/antiMLM/comments/11xmeyr/become_your_own_boss_sounds_very_mlmy_to_me/
"People ask, “Do you work for one of those pyramid schemes?” No. I get paid commission off what I sell on my own. What I also do is train the people who choose me as their sponsor, and then they get paid commission off what they sell. We are partners! Who is ready to be my next business partner?",post,1,https://www.reddit.com/r/antiMLM/comments/dhrdrw/im_not_your_boss_boss_babe/
How much the business we almost didn’t start made us in [AMOUNT]—almost all passive income too. We sat on the sidelines for two years while my friend built her business.,post,1,https://www.reddit.com/r/antiMLM/comments/1axd19k/if_this_kangen_hun_is_making_so_much_passive/
My scary network-marketing gig that’s supposed to be sucking my bank account dry just covered half of my teacher paycheck. Maybe it’s not that scary after all.,post,1,https://www.reddit.com/r/antiMLM/comments/uu0tqv/hun_with_a_passive_aggressive_facebook_post_and/
"$5 to write two sentences on one notecard. This side gig is the easiest I’ve ever done. Two hundred cards = $1,000. My only regret? Waiting so long to start!",post,1,https://www.reddit.com/r/antiMLM/comments/1me73p1/best_side_gig_ever/
"Realising your first $15,000,000 is just 2,000 people buying a $500 product. DM me: collab for more info, or click the link in my bio to start now!",post,1,https://www.reddit.com/r/antiMLM/comments/1d6scix/this_makes_me_rage/
I’d like to work part time from home. Message me for more information to see if this could be a good fit for you.,post,1,https://www.reddit.com/r/antiMLM/comments/cuh6n3/melaleuca_hun_offering_work_from_home_on_nextdoor/
You could afford to be this generous too if you join my team!,post,1,https://www.reddit.com/r/antiMLM/comments/1v5tq76/the_bravenly_huns_are_so_noble_and_generous/
Imagine starting a business for $0.75. Curious yet? I was.,post,1,https://www.reddit.com/r/antiMLM/comments/bx6480/just_three_quarters_to_destroy_my_relationships/
"my mentors have been really successful in the ecommerce industry and have been teaching me around assets and secondary streams of income since getting connected. And yeah its been huge, they've helped me clear my HECs debt with the right budgeting and the next goal is scaling a secure stream of income so my girlfriend doesn't have to work if she doesn't want too.  know we're still young but I've always wanted her to have a choice to work or not. Wbu man have you ever had a mentor?

The more we talk the more similar I think we are haha it's good that you're thinking about second income streams and I was the same too, just didn't know where to start

It's not something I could guarantee but if you'd see value in a possible connection with my mentors to learn more about who they are and the income stream they teach, I could potentially have a chat with them?",dm,1,"personal (own DM, friend)"
"I've been working with [NAME] for a little while now but just like him, my wife and I were fortunate that we had a door opened for us to a very successful financial community to change our circumstances. We have been personally guided by a couple who've been financially independent for 25+ years with multiple businesses and personal success.

What matters to us is having time and choices in life as well as the mental capacity to help others.

We're not going to accomplish everything in a short chat but I wanted to ask you a few questions to get a better idea of your mindset and make sure we share similar values. I want to give you more insight than [NAME] was probably able to give you over your exchanges. If we have some common ground then we can talk through what it would look like if we went into a more formal vetting process beyond this chat.

Theres a few things that you would need to do [NAME].

care about people

leadership

setting a good example

Which would you say is your best

We are associated with a successful business and mastermind community who coach and mentor candidates how to develop sustainable ongoing income streams without going into debt. There are 13 mentors here in Australia who give their time to help (just like we were helped) those who have a similar mindset to collaborate with them on becoming fit in their finances, personal development, and passions so their ambitions and goals can be reached sooner in life rather than later in life.

Let's catch up over zoom and continue this conversation so I can expand on who we are and what we do.

What does your calendar look like over the next few days?",dm,1,"personal (own DM, friend's mentor)"
"Hi [NAME]. Great meeting you at Target the other night.

Have a good New Year's?

Same here! My wife and I watched a movie around 10pm and was in bed by 12:05 😊

Shot in the dark. You're a sharp guy. Do you and your wife keep your options open for other streams of income? We're working with some successful entrepreneurs here in Indy and they're working on a couple projects. I like to keep my eyes peeled for ambitious people",dm,1,https://www.reddit.com/r/antiMLM/comments/ados77/overly_nice_guy_at_target_targets_my_poor_husband/
"Subject: AMERICAN POLITICS 010 (001) (Spring 2020): Business Opportunity

Good afternoon,

Anyone interested in a business opportunity looking to make 3k-5k a month without quitting their job, or to get back on their feet during this pandemic, please email me back for the code to hear about the opportunity live @4PM via Zoom. Thank you, please stay healthy and safe!

Best regards,
[NAME]",dm,1,https://www.reddit.com/r/antiMLM/comments/fv6isl/an_interesting_email_i_received_from_a_classmate/
"Looking for work that suits a uni timetable? I'm looking for a few outgoing ladies to work in the adult toy party industry. This is not a regular job offer, this is a business opportunity. I sell adult toys, lingerie and various other bedroom items and I get paid to party every weekend.

Extremely low start up costs ($40/week), not MLM, and no sliding scale commissions.

Be your own boss, work the hours you want to and join one of the fastest growing industries in the country!

If you think this is something you'd be interested in, please inbox me and I'll give you more info.",post,1,https://www.reddit.com/r/antiMLM/comments/8on2n3/fantastic_business_opportunity_on_my_university/
"I'd like to know if anyone is interested in a legit work from home opportunity?

It's in the CBD industry, which is currently predicted to explode by 700% by 2020.

That's quite the prediction from where we are at right now, and the market obviously has lots of potential. This is a commission-based opportunity and perfect for someone currently taking or interested in taking CBD oil.

I'd like to chat with anyone here who is passionate about helping people, would like to improve their own quality of life, obtain time and financial freedom, and fight the opioid crisis that is stealing our loved ones from us.

I would like people to join me that have my vision that I stated above.

Looking for new affiliates interested in promoting CBD products!

If you fit the bill, PLEASE MESSAGE me for faster response.",post,1,https://www.reddit.com/r/antiMLM/comments/9q8imn/my_schools_sports_ticket_buyandsell_page_sees/
"Hi [NAME], looking to connect with like-minded individuals...

I'm expanding a business in the region...

Spare-time opportunity with mentorship...",script,1,https://www.reddit.com/r/antiMLM/comments/1r0rzhu/5_of_my_linkedin_network_is_now_just_amway_bots/
"If you are ever interested in hosting a live show, what that means is you let me tag you in my Live, essentially hijacking your Facebook, and you will earn the hostess awards for letting me do so. It's the simplest way to host a show...",post,1,https://www.reddit.com/r/antiMLM/comments/p4ebop/hey_hun_host_my_mlm_feed_on_your_fb_live/
"Hey girl! I stumbled across your page and saw you’ve been travelling and was wondering if you’d be open to hearing about an opportunity for someone who loves to travel. I recently started my own travel business and became a fully qualified travel agent which allows me to save money on travel. I now help others start their own travel business and save money as well as getting an extra source of income for themselves! If you’re interested in this business opportunity, I’d love to show you how it works.",script,1,https://travelbloom.travel.blog/2021/03/01/pyramid-scheme/
"Hey hun! How are you? We're so overdue for a wine (or five!). Let's make it happen. By the way, I've got an exciting business opportunity that you might want to hear about!",script,1,https://www.abc.net.au/news/2020-01-28/how-not-to-lose-a-friend-over-multi-level-marketing/11857562
"Alternatively if youre ready to break free from the 9-5slog and you want to go all in than id love for you to join my team of health coaches! A beautiful group of ladies who are striving for that financial freedom, to live their lives to their full. Message me the word FREEDOM for the link to our 30minute business webinar to see if youd be a great fit for the team 🥰",post,1,https://msha.ke/abundantwholesomeenergy/
"🗣️ If you are ready to change not only your wellness lifestyle but your financial situation and open so many new doors for yourself, please select “ Join my team”. Start earning money from your phone, all it takes is a leap of faith. ( swipe to the right 2x to take your leap!)",post,1,https://msha.ke/samantha.rozinski.itworks/
"Make your own hours and be your own Boss. Whether you’re looking to bring home some extra income or grow a substantial business My Lala offer you the ability to reach your goals! Join the My Lala Family, benefits include but are not limited to: 25% personal discount; up to 40% off bulk purchasing options; 25% commission on personal sales; $5 personally referred affiliate sign-up bonus; 5% commission from 1st tier team sales, when you build a team!",post,1,https://bbbprograms.org/programs/advertising/dssrc/cases/case-70-2022-my-lala-leggings
"Could you use an extra $100, $200, $500 a month to pay bills or get ready for the holidays? Sure who couldn’t. Do you post on Facebook and Instagram daily? Do you like not having to worry about inventory, shipping or starting fees? Well then you came to the right place! This weekend is free to enroll with Lala leggings. That’s right, no inventory, no shipping and post office runs, simply just posting online from friends to see.",post,1,https://bbbprograms.org/programs/advertising/dssrc/cases/case-70-2022-my-lala-leggings
"☆IF you want to start making real money today then contact me and I will help you sign up and start your business!!! ☆you could pay earn extra money for your summer vacation, pay bills, or have extra spending money, maybe even save for that new car!!!!! ☆This is your chance!!!",post,1,https://assets.bbbprograms.org/docs/default-source/dssrc/decisions/dssrc_my-lala-leggings_amh-70.pdf?sfvrsn=b25b5a9_5
My why for joining OneHope is this for my family and having financial freedom…. Need some extra income during COVID? This business has been such a blessing to me and my family. I would love to share my success with you.,post,1,https://assets.bbbprograms.org/docs/default-source/dssrc/decisions/2021.03.08-onehope-decisiona6c848e2-dbe7-453a-8c83-48648f598b1c.pdf?sfvrsn=25c5b59f_3
"I help people get healthier, gain financial freedom, and reach their dreams! I'm looking for enthusiastic people who would like to own their own business to join my team.",post,1,https://truthinadvertising.org/wp-content/uploads/2020/08/Shaklee-DSSRC-decision-Aug-2024.pdf
"Want Million$ For Reason You Want Million$ ? Bonuses I Pay And $100,000 Bonuses You Can Earn Through Me: ASAP DM me.",post,1,https://truthinadvertising.org/wp-content/uploads/2020/08/Shaklee-DSSRC-decision-Aug-2024.pdf
"🚀 Ready to Take Control of Your Future? 🚀 Hey friends! 🌟 I’m so excited to share an incredible opportunity that has completely changed my life—and it could do the same for you! 💫 As an independent consultant with Arbonne, I’m building a team of passionate, driven people who want to experience financial freedom, work from home, and create their own schedules.

🙌 Why Arbonne? Work from anywhere: Whether it's from your couch, your favorite coffee shop, or a beach (yes, please! 🌴), you have the freedom to work on your terms. Be your own boss: Set your own schedule, create your own income, and decide how big you want your business to grow. Flexibility: No more missing important family moments. You can finally have the freedom to travel and spend quality time with the ones you love most.

💕 Amazing products: I'm so proud to represent a company that offers high-quality, plant-based products that truly make a difference in people's lives. 🌟 Ready to Join My Team? 🌟 I’m looking for motivated individuals who are excited to take charge of their lives and build something meaningful. Whether you're looking to earn a side income or create a full-time business, this could be your path to success. If you’re ready to work smarter, not harder, and take control of your time, let's chat! I’d love to connect and talk about how Arbonne could change your life, just like it’s done for me. Drop me a message or comment below, and let’s make 2024 the year YOU take the leap! 💪✨",post,1,https://www.linkedin.com/posts/amanda-nam-045b031a3_arbonne-workfromhome-entrepreneurship-activity-7270553339518431234-TwVt
"Are you in Calabar or Akure?
Join my team this weekend as we show you how to start your business with less than 30k
Type in your whatsapp number if interested

Are you in Yola or Abuja? Join my team and I as we show you how to turn Your daily cosmetics into money.
Drop your WhatsApp number to get an invite

Let me help you turn your daily cosmetics into money.
Buy and use top quality Swedish beauty products for you and you family for a safe and beautiful skin plus get paid✔
Invite friends and loved ones to also buy and use our quality organic beauty products and turn their cosmetics into money and get paid while they also get paid✔
Travel for free up yo 3 times a year all expense paid trip ✔
Get paid for closing titles ✔
Don't miss this opportunity to start your own business and be you own boss while making money and enjoying time freedom. Say YES?
Drop your WhatsApp number to get started or buzz me on [PHONE](business only)

Interested?
Drop your WhatsApp number to get an invite

Join my leaders and i as we take you on a week expository class about our business opportunity that helps you be your own boss while creating time for yourself and loved ones.
Get your invite by simply dropping your WhatsApp number..
Entry close tomorrow",post,1,https://www.nairaland.com/3864760/own-boss
Do you wanna be able to lay in the grass in the middle of the day during the week and just relax? Well what if I told you there is way! Well that is one of the many perks of joining my team and becoming an independent distributor with It Works! Set your own hours Earn an extra $500+ mo Be your own Boss. Write your own paycheck go on a cruise Get $120 in free product Meet new people. Make new friends Help people get sexy & healthy Comment/ message me or text me [PHONE] today to find out how YOU can join my team and change your life #itworksindependentdistributor #itworksadventure #changeyourlife #beyourownbosstoday #greenandblack💚 #summer2016☀️ #crusie #getyoursexyback,post,1,https://www.tumgik.com/itworksbymserica-blog
ARE YOU ROCKSTAR💥 I WANT YOU👆🏽 ON MY TEAM... Do need full-time money and a side hustle then you need to join my team and get with the party! My team will help you be successful and help you rise to the 🔝 ALL THE WAY UP!! It's time to BELIEVE in your self Don't let doubt and fear stop you!! $99 CAN CHANGE YOUR LIFE TEXT [PHONE] me or message/comment (ROCKSTAR) to start your It Works Adventure today #itworksindependentdistributor #itworkswraps #getskinnynow #tighten #tone #firm #summer2016☀️ #beyourownbosstoday #joinmyteam [USERNAME] #selfiequeen,post,1,https://www.tumgik.com/itworksbymserica-blog
"Do you need extra income? Do you like skin care and cosmetics? Have you considered a side gig before but didn't want to put in the money to get started?? You don't need another job that pressures you into working around their schedule. With this job you create your own schedule and it can work around kids, full-time employment, husbands, parents, whatever you need it to! AND you DON'T pay anything!!! What would you do with an extra $500-$1000 a month? ... Aloette is the vehicle that can help you earn the money for the things YOU want to do! ... let's chat. You'd be crazy to not want to start in this business. You really have NOTHING to lose.",post,1,https://bbbprograms.org/programs/advertising/dssrc/cases/astralhealth
"Whether you want to make a little extra cash or make Aloette your full-time job, we give you everything you need to build a thriving business that fits around your life. We offer multiple starter kit options to help kick-start your business... Choose your own hours; build your own personal brand and financial freedom; earn commission on every sale.",post,1,https://bbbprograms.org/programs/advertising/dssrc/cases/astralhealth
"The Lifestyles Compensation Plan is designed to pay you for your efforts. Whether you are building part-time income or a full-time business, the Compensation Plan is your road map to success and provides you with many rewards along the way... The sky is the limit on your earning potential.",post,1,https://bbbprograms.org/programs/advertising/dssrc/cases/lifestyles
"People around the world, just like you, are taking advantage of our proven Business Opportunity. Some are building new avenues of wealth and financial independence, while others are looking to supplement their income... financial freedom.",post,1,https://bbbprograms.org/programs/advertising/dssrc/cases/lifestyles
"This is my mentor and sponsor in LoveBiome. Please listen to her wisdom and then message me for details on how you can work directly with her and me! Good health and financial freedom is there for the taking!!",post,1,https://bbbprograms.org/programs/advertising/dssrc/cases/lovebiome
"Calling everyone who is looking for financial freedom to join me on this corporate zoom happening in less than an hour!... HISTORY IS UNFOLDING TODAY in LoveBiome - COME AND CELEBRATE with us - our company has already paid millions out! This is the best compensation plan that I've seen.",post,1,https://bbbprograms.org/programs/advertising/dssrc/cases/lovebiome
"When you join for FREE, you open the door to an unparalleled opportunity for exponential income. With our incredible business model, you can build your own thriving business, set your own hours, and determine your own financial destiny... #FinancialFreedom",post,1,https://bbbprograms.org/programs/advertising/dssrc/cases/lovewinx
"Ready to start your own LOVEWINX business and make the money you've always dreamed of? Want to pay for the holidays in CASH? Want to become debt free? Do you need to get away and go on a vacation?",post,1,https://bbbprograms.org/programs/advertising/dssrc/cases/lovewinx
"You: I'm broke / Me: Join my team ... You: I want financial freedom / Me: Join my team ... Spare time, Part time, Full time, make more YOU/FAMILY time, design the life you want to live. Don't work to build someone else's dream. SIDE HUSTLES AREN'T HARD... NOT BEING ABLE TO PAY YOUR BILLS IS HARD.",post,1,https://bbbprograms.org/programs/advertising/dssrc/cases/lovewinx
"If spending $5 could bring you extra income... complete financial freedom... work from home...",post,1,https://bbbprograms.org/programs/advertising/dssrc/cases/paperpie
"Unlimited Earning Potential: As an Independent Partner...",post,1,https://bbbprograms.org/programs/advertising/dssrc/cases/paperpie
"HUGE things are coming to the X world! If you're out looking for an extra income opportunity, free travel, the best community or even changing your family's financial future I would love to fill you in!!",post,1,https://bbbprograms.org/programs/advertising/dssrc/cases/xyngularcorp
"Are you a stay home mama looking for extra income? With Xyngular side gig income...",post,1,https://bbbprograms.org/programs/advertising/dssrc/cases/xyngularcorp
"Have you thought about starting a second stream of income for your family?",post,1,https://bbbprograms.org/programs/advertising/dssrc/cases/magnetude
"The company provides a great opportunity for passive income at a very affordable start up cost.",post,1,https://bbbprograms.org/programs/advertising/dssrc/cases/magnetude
"We know you are interested in the bottom line: How much can an Arbonne Independent Consultant earn? ... You are your own boss. Create a future of your own design! ... when you encourage others... potential to earn more grows.",post,1,https://bbbprograms.org/programs/advertising/dssrc/cases/arbonne
"Looking for girls 18+ wanting to make income from your phone...",post,1,https://bbbprograms.org/programs/advertising/dssrc/cases/arbonne
"Add residual income or start a business full time. So many who lost income due to the pandemic are leveraging this opportunity.",post,1,https://bbbprograms.org/programs/advertising/dssrc/cases/dssrc-purehaven
"Residual income? ... Part time and full time.",post,1,https://bbbprograms.org/programs/advertising/dssrc/cases/dssrc-purehaven
"Faberlic gives you the opportunity to start your business with unlimited potential earnings.",post,1,https://bbbprograms.org/programs/advertising/dssrc/cases/faberlic
"Would you like to be financially independent and work from home at convenient times? I am looking for ladies... join my team...",post,1,https://bbbprograms.org/programs/advertising/dssrc/cases/faberlic
"You have the opportunity to earn a bonus up to $1,000.00 this month. 1 thousand for 1 dollar! Join me and let me help you reach your goals!",post,1,https://bbbprograms.org/programs/advertising/dssrc/cases/pawtreellc
"If you are looking to add or replace your income, now is an awesome time to do it!",post,1,https://bbbprograms.org/programs/advertising/dssrc/cases/pawtreellc
"Turn that 💵 into 💵💵💵! Join Pink Zebra and supplement a part time income, a full time income, or just have a fun side hustle.",post,1,https://bbbprograms.org/programs/advertising/dssrc/cases/dssrc-pinkzebra
"Wanted; Women Seeking: Financial freedom; health care; Part-time hours; Stay home with Kids; Rewards... What would YOU use an extra $100 - $200 a month for?",post,1,https://bbbprograms.org/programs/advertising/dssrc/cases/dssrc-pinkzebra
"Whether you're looking to supplement your income or create a full-time business, Juice Plus offers the flexibility to achieve your goals.",post,1,https://bbbprograms.org/programs/advertising/dssrc/closures/juiceplus
"It's ambitious busy women who feel unfulfilled, overworked and underpaid + it's a way to create an extra $500+/month residual income from home, to have more time, financial flexibility and freedom via our online business start-up and mentorship opportunity.",post,1,https://bbbprograms.org/programs/advertising/dssrc/closures/juiceplus
"Are you tired of the 9-5 grind and being too exhausted for anything at the end of the day? Are you looking for financial independence & future residual income that you can pass to your children?",post,1,https://bbbprograms.org/programs/advertising/dssrc/cases/thrivelife
"You can simply get the best perks and be your own customer, share to help cover extra household expenses, or grow a serious income.",post,1,https://bbbprograms.org/programs/advertising/dssrc/cases/thrivelife
"Looking for a side gig / JOY JOB? Want to earn extra income? Ask me how you can EMPOWER WOMEN out of POVERTY and earn income at the same time.",post,1,https://bbbprograms.org/programs/advertising/dssrc/cases/tradesofhope
"You can have this financial flexibility too, to earn an income where the sky is the limit... financial freedom.",post,1,https://bbbprograms.org/programs/advertising/dssrc/cases/tradesofhope
"Earn Extra Income: You can build a business that fits your goals—whether it's a side hustle or a full-fledged career.",post,1,https://bbbprograms.org/programs/advertising/dssrc/cases/236-saladmaster
"Join Saladmaster today and embark on an exciting journey, where you'll change lives, create healthier communities, and achieve the financial freedom you've always dreamed of.",post,1,https://bbbprograms.org/programs/advertising/dssrc/cases/236-saladmaster
"Looking for a Side Hustle or Full-Time Income? Work from Anywhere with Scentsy... Whether you're a single mom, dad, college student, or someone looking for a full-time business, Scentsy gives you the freedom to earn from home, the beach, or wherever life takes you!... Have questions? Let's chat! Your journey to financial freedom starts now.",post,1,https://bbbprograms.org/programs/advertising/dssrc/cases/scentsy
"Does a FREE seven day cruise to Greece and Turkey peak your interest? Scentsy consultants have until January 31 to earn this trip! THIS COULD BE YOUR TRIP!",post,1,https://bbbprograms.org/programs/advertising/dssrc/cases/scentsy
"What if I told you that Stella & Dot will give you $1000 worth of free product... this company has brought me financial freedom.",post,1,https://bbbprograms.org/programs/advertising/dssrc/cases/dssrc-case-72-2022-stella-dot
"Your Stella & Dot business will give you financial freedom, flexibility, fun, and style.",post,1,https://bbbprograms.org/programs/advertising/dssrc/cases/dssrc-case-72-2022-stella-dot
"Tired of feeling stuck in your current situation? Want to build a career that offers financial freedom, flexibility, and the chance to make a difference in people's lives? ... Whether you're looking for a career change, side income, or a chance to build something meaningful, this is your opportunity to step up and make it happen! #FinancialFreedom",post,1,https://bbbprograms.org/programs/advertising/dssrc/closures/phpagency
"Do you thrive on helping others achieve financial freedom and security? Join us at PHP Agency... Access to world-class training and mentorship... Work at your own pace, whether part-time or full-time, and enjoy unlimited earning potential.",post,1,https://bbbprograms.org/programs/advertising/dssrc/closures/phpagency
"Get paid weekly, have products that everyone wants and needs with NO RISK... an amazing compensation plan like no other for those wanting to make some extra money or make life changing income!!",post,1,https://bbbprograms.org/programs/advertising/dssrc/cases/ctfo
"You can start part-time and keep doing what you're doing for income now, and when this gets bigger than other income, then you decide what you want to do... It creates true walkaway residual income.",post,1,https://bbbprograms.org/programs/advertising/dssrc/cases/ctfo
"Whether you just want to get your product for free or you want to earn a little side money, becoming a LoveBiome Affiliate is the easiest step towards financial freedom.",post,1,https://bbbprograms.org/programs/advertising/dssrc/cases/lovebiome
"I'm looking for similar minded people who want to achieve financial freedom from helping the world get healthy!!... #financialfreedom",post,1,https://bbbprograms.org/programs/advertising/dssrc/cases/lovebiome
"Are you ready to embrace a new opportunity that nourishes your soul, makes a meaningful impact in the lives of others, and provides financial abundance beyond your wildest dreams?... Contact us today! It's free to join with completely unlimited potential!",post,1,https://bbbprograms.org/programs/advertising/dssrc/cases/lovewinx
"From free trips... this is more than a business... it's a lifestyle.",post,1,https://bbbprograms.org/programs/advertising/dssrc/cases/xyngularcorp
"Enjoy a flexible schedule—set your own hours; experience financial freedom—unlimited earning potential; earn fabulous trips...",post,1,https://bbbprograms.org/programs/advertising/dssrc/cases/paperpie
"Start growing your business in the U.S. today... build your financial independence through Faberlic.",post,1,https://bbbprograms.org/programs/advertising/dssrc/cases/faberlic
"A fun and flexible business... work part time and earn an additional income stream.",post,1,https://bbbprograms.org/programs/advertising/dssrc/cases/arbonne
"The opportunity to enjoy freedom, to spend more time with your loved ones, unlimited earnings and promotions while building your own business.",post,1,https://bbbprograms.org/programs/advertising/dssrc/cases/lifestyles
"Know of anyone wanting something for their retirement? ... Join our team now! Part Time or more! Temporarily or long term. We have a UNIQUE opportunity for you!",post,1,https://bbbprograms.org/programs/advertising/dssrc/cases/astralhealth
"Hey mama. I see you recently had a baby. I know how hard it is to get that prebaby body back. I’m sure you’re ready to jump back into it. I’m building my accountability team and would love to have you join us.",dm,1,https://www.glamour.com/story/health-coaches-targeting-new-moms-on-instagram-body-shaming
"Making money from your phone and traveling full-time isn’t for everyone. I totally understand!",dm,1,https://gillianmtobin.wordpress.com/2021/04/13/the-boss-babe-conundrum-a-look-at-commercial-cults/
"Have you ever considered doing what I do and making some extra money?! I came across your page again today and was like OMGGGGGGG she needs to do what I do!!!",dm,1,https://gillianmtobin.wordpress.com/2021/04/13/the-boss-babe-conundrum-a-look-at-commercial-cults/
"aw babe I love your feed
So I’ve recently begun working for an online travel business which allows me to make money while traveling, can I give you some more info?",dm,1,https://www.stephaniefox.co.uk/business-opportunity-via-dm/
"hey chick, did you watch the video I sent?",dm,1,https://chloebucknell.wordpress.com/tag/wfh-guide/
"your page is incredible, you’re just who I’m looking for to join my team!",dm,1,https://chloebucknell.wordpress.com/tag/wfh-guide/
"I’ve got a business opportunity for you",dm,1,https://chloebucknell.wordpress.com/tag/wfh-guide/
"Hi [NAME]! We would be more than happy to walk you through it all in full detail. Respond below to be put through.
Before I get into all the details, just to make sure this is a right fit for you, do you mind if I ask you a few basic questions?
Cheers. What are you hoping to gain by earning an income online, and what would your ideal life look like?",dm,1,https://www.abc.net.au/news/2025-12-08/multi-level-marketing-giant-enagic-accused-of-preadatory-tactics/105065260
"Hey, I’ve been looking at your feed and I think you’d be perfect for this new business opportunity I have!",dm,1,https://culteducation.com/group/1289-general-information/35801-mlm-schemes-in-the-uk-the-cult-like-beauty-businesses-in-your-dms.html
"no, we are selling products, but you need to get your team up and running to be able to sell together and get promoted",dm,1,https://culteducation.com/group/1289-general-information/35801-mlm-schemes-in-the-uk-the-cult-like-beauty-businesses-in-your-dms.html
"Hey girl! It’s time to get aligned with your weight loss goals.",dm,1,https://rachaelkayalbers.com/mlm-dick-pic-online-marketing/
"Hi, hon! I was looking at your page and was wondering if you’d like to model a product for me! I think you’re SO pretty and would love our products! Plus, you’d get a HUGE discount for doing so! Wanna hear more?!",dm,1,https://www.theodysseyonline.com/anti-mlm
"Hi hun, I’d love to work with you",dm,1,https://tattle.life/threads/mlm-2-dont-try-to-recruit-me-boo-multi-level-marketing.15893/page-31
"hi hun it’s been ages, just wondered if you wanted to rejoin, we have an offer…",dm,1,https://tattle.life/threads/mlm-2-dont-try-to-recruit-me-boo-multi-level-marketing.15893/page-28
"Well if you want to hang out, I’m having a brunch at this restaurant and you can come by.
If I could just give you a call after work I could tell you about it. It’s really complicated.",dm,1,https://www.bustle.com/wellness/mlm-recruitment-dating-social-apps
"I don’t think it’s unethical because it’s just another way of networking with people. Making friends is how most people recruit, and we don’t see any problem with that. We don’t have to offer anyone a position, and we’re not obligated to. We’re just looking for people who would be good for our company.",dm,1,https://www.bustle.com/wellness/mlm-recruitment-dating-social-apps
"You don’t have to join if you don’t want to!",dm,1,https://www.bustle.com/wellness/mlm-recruitment-dating-social-apps
"I make my own hours.
I’m my own boss.",dm,1,https://www.bustle.com/wellness/mlm-recruitment-dating-social-apps
"Hi [NAME],
I saw that you’re a UPenn alumnus. Do you have a background in business, management, athletics or marketing?
Are you keeping your business options open?",dm,1,https://www.fool.com/investing/general/2012/05/23/that-what-if-moment-on-the-way-to-vast-riches.aspx
"I would highly recommend you reach out to whoever contacted you and allow them to invite you to one of our informational seminars. During which, you will find out for yourself exactly what we do and how we operate. What I can tell you is that we are in business over 50 years and work with some of the most trusted, most recognized brands in existence today.
I see you’re a journalist—so get the facts for yourself. My 7 years with the company highly encourages it. You won’t be disappointed.",dm,1,https://www.fool.com/investing/general/2012/05/23/that-what-if-moment-on-the-way-to-vast-riches.aspx
"Are you open to work opportunities?",dm,1,https://thefinancialdiet.com/how-mlms-have-gotten-even-more-dangerous-since-covid/
"I started working for a wellness company called Arbonne. I love my job. I can do it from home or ‘from anywhere.’ It’s perfect for me because I’m a military wife. Arbonne changed my life for the better. Have you heard of the company?",dm,1,https://thefinancialdiet.com/how-mlms-have-gotten-even-more-dangerous-since-covid/
"Hi [NAME], I hope you’ve enjoyed this March so far… I absolutely love your positive vibe and obvious passion for life! I don’t know if you’re familiar with Arbonne and its plant-based philosophy, but after seeing your posts you strike me as someone who would absolutely smash this! Have you ever considered jumping in and joining the Arbonne community alongside what you’re doing? Or if you haven’t, would you be open to learning a bit more about what it is?",dm,1,https://www.mamamia.com.au/arbonne-australia-review/
"hoping you’re surviving this corona chaos okay! There’s a special discount, meaning it would only cost you $55 to join. It’s the lowest risk start-up business anywhere.",dm,1,https://www.mamamia.com.au/arbonne-australia-review/
"Given the uncertainties we’re all facing, are you willing to explore digital business opportunities and possibilities?",dm,1,https://www.marklives.com/2020/08/writersblock-theres-a-scammer-in-my-inbox/
"Great connecting with you! How has your business been affected in this crazy time?",dm,1,https://www.marklives.com/2020/08/writersblock-theres-a-scammer-in-my-inbox/
"How’s your business doing during the pandemic?",dm,1,https://www.marklives.com/2020/08/writersblock-theres-a-scammer-in-my-inbox/
"How have you found that covid-19 has affected your work or your business?",dm,1,https://www.marklives.com/2020/08/writersblock-theres-a-scammer-in-my-inbox/
"Hi dearest, hope you’re doing well! I was looking at your profile and felt called to message you. Are you interested in earning a part time or full time income?",dm,1,https://www.marklives.com/2020/08/writersblock-theres-a-scammer-in-my-inbox/
"I love your profile and your posts! I believe there’s an opportunity for us to work together. Let me know when you’re free for a Zoom call?",dm,1,https://www.marklives.com/2020/08/writersblock-theres-a-scammer-in-my-inbox/
"How’s business on your side? Would you be open to hearing more about an exciting opportunity, to see if it would be a good fit?",dm,1,https://www.marklives.com/2020/08/writersblock-theres-a-scammer-in-my-inbox/
"Let me know if you are open to chatting about possibilities in digital marketing.",dm,1,https://www.marklives.com/2020/08/writersblock-theres-a-scammer-in-my-inbox/
"I don’t know if this would interest you, but I can help you earn a part time or full time income from home. Wondering if you might be open to additional opportunities to earn money?",dm,1,https://www.marklives.com/2020/08/writersblock-theres-a-scammer-in-my-inbox/
"Thanks for connecting. One of the reasons I made contact with you is, I am expanding a business and I think there could be some synergy for us to do something together.",dm,1,https://www.marklives.com/2020/08/writersblock-theres-a-scammer-in-my-inbox/
"I play in the trading space, and I’m contacting you for business purposes.",dm,1,https://www.marklives.com/2020/08/writersblock-theres-a-scammer-in-my-inbox/
"I would be more than happy to help you build yourself and your income all the way.",dm,1,https://www.marklives.com/2020/08/writersblock-theres-a-scammer-in-my-inbox/
"Getting straight to the point: with everything that’s going on, I’ve been extremely focused and productive with my home-based business. Curious if you might be interested in additional opportunities to earn money from home?",dm,1,https://www.marklives.com/2020/08/writersblock-theres-a-scammer-in-my-inbox/
"With what’s going on right now, I’m being super-productive, so if you want to make some money from home, I can show you exactly how to do it!",dm,1,https://www.marklives.com/2020/08/writersblock-theres-a-scammer-in-my-inbox/
